name,url
google,https://www.google.com
sph,https://www.sph.com.sg
aacounty,https://www.aacounty.org/
accessesmeralda,https://www.accessesmeralda.com/
accidentmd,https://www.accidentmd.org
acgov,https://acgov.org/
aclink,https://www.aclink.org/
adamscounty,https://adamscounty.org/
adamscounty,https://www.adamscounty.us/Pages/Home.aspx
adacounty,https://adacounty.id.gov/
akoltco,https://akoltco.org/
alachuacounty-us,https://alachuacounty.us/Pages/AlachuaCounty.aspx
albanycounty,https://albanycounty.com/Home.aspx
albemarle,https://www.albemarle.org/
allegancounty,https://cms.allegancounty.org/sitepages/default.aspx#.VedTH_lViko
alleganyco,https://alleganyco.com/
alleghanycounty-u,https://www.alleghanycounty.us/index.html
alleghenycounty,https://alleghenycounty.us/
allencounty,https://allencounty.org/
allencountykentucky,https://allencountykentucky.com/
allendalecounty,https://allendalecounty.com/
alpenacounty,https://alpenacounty.org/
alphaboro,https://alphaboro.org/
alpinenj07620,https://alpinenj07620.org/index.html
ameliacova,https://www.ameliacova.com/
andersoncountysc,https://www.andersoncountysc.org/
angelinacounty,https://www.angelinacounty.net/
anokacounty,https://www.anokacounty.us/
antrimcounty,https://www.antrimcounty.org/
archuletacounty,https://archuletacounty.org/
armstrongcounty,https://armstrongcounty.com
aroostook,https://aroostook.me.us/
ascensionparish,https://ascensionparish.net/
ashecountygov,https://www.ashecountygov.com/
ashlandcounty,https://www.ashlandcounty.org
aspenpitkin,https://aspenpitkin.com/
assumptionla,https://assumptionla.com/
atchisoncountyks,https://atchisoncountyks.org/
athensclarkecounty,https://athensclarkecounty.com/
athenscountygovernment,#N/A
athensoh,https://www.co.athensoh.org/
audubonparknj,https://audubonparknj.org/index.html
auglaizecounty,https://www2.auglaizecounty.org/
austincounty,https://austincounty.com/
avalonboro,https://avalonboro.net/
avonbytheseanj,https://www.avonbytheseanj.com/
bakercounty,https://www.bakercounty.org
baldwincountyga,https://www.baldwincountyga.com/
banderacounty,https://banderacounty.org/
baragacounty,https://www.baragacounty.org/
barnesvillemd,https://www.barnesvillemd.org
barnstablecounty,https://www.barnstablecounty.org/
barringtonboro,https://barringtonboro.com/
barrycounty,https://www.barrycounty.org/
bartholomewco,https://www.bartholomew.in.gov/courts.html
bartoncounty,https://www.bartoncounty.org/
bartowga,https://bartowga.org/
bassriver-nj,https://www.bassriver-nj.org/
bathcountyva,https://www.bathcountyva.org/
baxtercounty,https://baxtercounty.org/
bayfieldcounty,https://bayfieldcounty.org/
bayheadnj,https://bayheadnj.org/bhnj/
baylorcountytexas,https://baylorcountytexas.us/
bcua,https://www.bcua.org/
beachwoodusa,https://beachwoodusa.com/
beadle.sdcounties,https://beadle.sdcounties.org/
bearlakecounty,https://www.bearlakecounty.info/
beaver.okcounties,https://beaver.okcounties.org/
beaverheadcounty,https://beaverheadcounty.org/
beckham.okcounties,https://beckham.okcounties.org/
bellcountytx,https://bellcountytx.com/
belmar,https://belmar.com/
belmontcountyohio,https://www.belmontcountyohio.org/
benhillcounty,https://benhillcounty.com/
bergenfieldboro,https://bergenfieldboro.com/
berkeleycountycomm,https://berkeleycountycomm.org/
bernardsvilleboro,https://www.bernardsvilleboro.org/
berriencounty,https://berriencounty.org/
bexar,https://www.bexar.org/
bienvilleparish,https://clerk.bienvilleparish.org
bigstonecounty,https://www.bigstonecounty.org/
blackfordcounty,https://blackfordcounty.com/
bladennc.govoffice3,https://www.bladennc.govoffice3.com/
blaine.okcounties,https://blaine.okcounties.org/
blairco,https://blairco.org/Pages/default.aspx
boisecounty,https://www.boisecounty.us/
boonecountyil,https://www.boonecountyil.org/
boonecountyky,https://boonecountyky.org/
bosquecounty,https://bosquecounty.us/
botco.homestead,https://botco.homestead.com/
bouldercounty,https://www.bouldercounty.org/pages/default.aspx
boundarycountyid,https://boundarycountyid.org/
bourboncountyks,https://bourboncountyks.org/
bowmannd/county,https://bowmannd.com/county/
boxeldercounty,https://www.boxeldercounty.org/
bradfordcountypa,https://bradfordcountypa.org/
bradleyco,https://bradleyco.net/
brantleycountyga.blogspot,https://brantleycountyga.blogspot.com/
brazoria-county,https://www.brazoria-county.com/
brevardcounty,https://brevardcounty.us/
brewstercountytx,https://brewstercountytx.com/
brightok/cartercounty,https://brightok.net/cartercounty/
broward,https://co.broward.fl.us/
browardchd,https://broward.floridahealth.gov/
browncountytx,https://www.browncountytx.org/
brunsco,https://www.brunswickcountync.gov/
brunswickco,https://www.brunswickco.com/
bryancountyga,https://bryancountyga.org/
buckinghamcountyva,https://buckinghamcountyva.org/
buckscounty,https://buckscounty.org/
bucoks,https://www.bucoks.com/
buffalocounty,https://www.buffalocounty.com/
bullittcounty,https://www.travelbullitt.org/
bullochcounty,https://bullochcounty.net/
buncombecounty,https://buncombecounty.org/
burkecountynd,https://burkecountynd.com/
burleighco,https://burleighco.com/
burnetcountytexas,https://burnetcountytexas.org/
burnettcounty,https://burnettcounty.com/
business.centurytel/st.helenapj,https://sthelenaparish.la.gov/
butlercoiowa,https://butlercoiowa.org/
butlercountyohio,https://www.butlercountyohio.org/
butte.sdcounties,https://butte.sdcounties.org/
buttecounty,https://www.buttecounty.net/
buttscountyga,https://buttscountyga.com/
cabarruscounty,https://www.cabarruscounty.us/Pages/default.aspx
cabellcounty,https://cabellcounty.org/
cachecounty,https://www.cachecounty.org/
caddo,https://www.caddo.org/
calaverasgov,https://calaverasgov.us/
caldwellcountync,https://caldwellcountync.org/
calhouncotx,https://www.calhouncotx.org/
calhouncounty,https://calhouncounty.org/
camdencounty,https://www.camdencounty.com/
campbellcountyky,https://campbellcountyky.org/
canadiancounty,https://canadiancounty.org/
canyonco,https://canyonco.org/
carboncounty,https://carboncounty.com/cc_home.asp
carbonwy,https://carbonwy.com/
cariboucounty,https://www.cariboucounty.us/
carolinemd,https://www.carolinemd.org
carr,https://ccgovernment.carr.org/ccg/default.asp
carrollcountyga,https://carrollcountyga.com/
carrollcountyohio,https://carrollcountyohio.net/
carrollcountyva,https://carrollcountyva.org
cartercountymt,https://cartercountymt.info/
carteretcountygov,https://www.carteretcountync.gov/
casscounty,https://casscounty.com/
casscountymi,https://casscountymi.org/
cassiacounty,https://cassiacounty.org/
cassne,https://www.cassne.org/
catoosa,https://catoosa.com/
catroncounty,https://www.catroncounty.us/
cattco,https://cattco.org/
cavaliercounty,https://www.cavaliercounty.us/
cayugacounty,https://www.cayugacounty.us/
ccgov,https://www.ccgov.net/
ccgov,https://www.ccgov.org/
ccok,https://www.clevelandcountyok.com/
ccpa,https://ccpa.net/
celebratedouglascounty,https://www.celebratedouglascounty.com/
centralwashingtoncfc,https://centralwashingtoncfc.us/
cfclincoln,https://cfclincoln.org/
chaffeecounty,https://chaffeecounty.org/
charlestoncounty,https://www.charlestoncounty.org/
charlevoixcounty,https://charlevoixcounty.org/
charlotteva,https://charlotteva.com/
chathamcounty,https://www.chathamcounty.org/
cheboygancounty,https://www.cheboygancounty.net/
chemungcounty,https://www.chemungcounty.com/
chesco,https://chesco.org/
cheyennecounty,https://www.cheyennecounty.org/
chickasawcoms,https://chickasawcoms.com/
chiltoncounty,https://www.newchiltoncounty.org/
churubusco,https://churubusco.net/
clackamas,https://www.clackamas.us/
claiborneone,https://www.claiborneparish.org/
clallam,https://clallam.net/
clareco,https://clareco.net/
clarkcountyarkansas,https://clarkcountyarkansas.com/
clarkcountyil,https://clarkcountyil.org/
clarkecountyal,https://clarkecountyal.com/
clarkecountyia,https://clarkecountyia.org/ClarkeCounty/mainhome.do;jsessionid=862D99BF59940575A0AB3B083899E6BF
claycountygov,https://claycountygov.com/
claycountysd,https://claycountysd.org/
clayedu,https://clayedu.com/
clearfieldco,https://clearfieldco.org/
clearwatercounty,https://www.clearwatercounty.org/
clevelandcounty,https://www.clevelandcounty.com/ccmain/
clinton-county,https://clinton-county.org/
clintoncountygov,https://www.clintoncountygov.com/
clintoncountypa,https://clintoncountypa.com/
cloudcountyks,https://www.cloudcountyks.org/main/
accomack,https://co.accomack.va.us/
co-adams-co,https://co.adams.co.us/
co-adams-id,https://co.adams.id.us/
co.adams.wa,https://www.co.adams.wa.us/
co-aitkin-mm,https://www.co.aitkin.mn.us/
co-allen-oh,https://co.allen.oh.us/
co-anderson,https://co.anderson.tx.us/
co-anson-nc,https://co.anson.nc.us/
co-apache-az,https://www.co.apache.az.us/
co-arapahoe-co,https://co.arapahoe.co.us/
co-archer,https://co.archer.tx.us/
co-armstrong-pa,https://co.armstrong.pa.us/
co-armstrong,https://co.armstrong.tx.us/
co-ashland-wi,https://co.ashland.wi.us/
co-asotin-wa,https://co.asotin.wa.us/
co-atascosa,https://atascosacountytexas.net/
co-augusta-va,https://www.co.augusta.va.us/
co-bailey,https://co.bailey.tx.us/
co-banks-ga,https://co.banks.ga.us/
co-bannock-id,https://www.co.bannock.id.us/
co-barnes-nd,https://www.co.barnes.nd.us/
co-becker-mn,https://www.co.becker.mn.us/
co-bedford-va,https://www.co.bedford.va.us/index.asp
co-bee,https://co.bee.tx.us/
co-beltrami-mn,https://www.co.beltrami.mn.us/
co-benton-mn,https://www.co.benton.mn.us/
co-benton-or,https://www.co.benton.or.us/
co-benton-wa,https://co.benton.wa.us/
co-bergen-nj,https://co.bergen.nj.us/
co-berks-pa,https://www.co.berks.pa.us/Pages/default.aspx
co-bertie-nc,https://www.co.bertie.nc.us/
co-bingham-id,https://www.co.bingham.id.us/
co-blaine-id,https://www.co.blaine.id.us/
co-blanco,https://co.blanco.tx.us/
co-blount-al,https://www.co.blount.al.us/
co-blue-earth-mn,https://www.co.blue-earth.mn.us/
co-bolivar-ms,https://co.bolivar.ms.us/
co-bonner-id,https://bonnercounty.us/
co-bonneville-id,https://www.co.bonneville.id.us/
co-borden,https://co.borden.tx.us/
co-botetourt-va,https://co.botetourt.va.us/
co-bremer-ia,https://www.co.bremer.ia.us/
co-brown-mn,https://www.co.brown.mn.us/
co-brown-wi,https://www.co.brown.wi.us/
co-buchanan-ia,https://www.buchanancountyiowa.org/
co-burke-nc,https://www.burkenc.org/
co-burlington-nj,https://co.burlington.nj.us/
co-butler-pa,https://co.butler.pa.us/
co-cal-md,https://www.co.cal.md.us/
co-caldwell,https://co.caldwell.tx.us/
co-callahan,https://co.callahan.tx.us/
co-calumet-wi,https://www.co.calumet.wi.us/
co-camden-ga,https://co.camden.ga.us/
co-cameron,https://co.cameron.tx.us/
co-camp,https://co.camp.tx.us/
co-campbell-va,https://www.co.campbell.va.us/Pages/index.aspx
co-cape-may-nj,https://capemaycountynj.gov/
co-carbon-mt,https://co.carbon.mt.us/
co-carlton-mn,https://www.co.carlton.mn.us/
co-caroline-va,https://co.caroline.va.us/
co-carroll-ia,https://co.carroll.ia.us/
co-carson,https://co.carson.tx.us/
co-carver-mn,https://www.co.carver.mn.us/
co-cascade-mt,https://co.cascade.mt.us/
co-cass-mn,https://www.co.cass.mn.us/
co-cass,https://co.cass.tx.us/
co-castro,https://co.castro.tx.us/
co-chambers,https://co.chambers.tx.us/
co-chaves-nm,https://co.chaves.nm.us/
co-chelan-wa,https://co.chelan.wa.us/
co-chenango-ny,https://www.co.chenango.ny.us/
co-cherokee,https://co.cherokee.tx.us/ips/cms/index.html
co-cheshire-nh,https://co.cheshire.nh.us/
co-chippewa-mn,https://www.co.chippewa.mn.us/
co-chippewa-wi,https://www.co.chippewa.wi.us/
co-chisago-mn,https://www.co.chisago.mn.us/
co-chouteau-mt,https://co.chouteau.mt.us/
co-cibola-nm,https://co.cibola.nm.us/
co-clarion-pa,https://co.clarion.pa.us/
co-clark-wi,https://co.clark.wi.us/
co-clatsop-or,https://co.clatsop.or.us/
co-clay-mn,https://claycountymn.gov/
co-clay,https://www.co.clay.tx.us/
co-clear-creek-co,https://www.co.clear-creek.co.us/
co-clearwater-mn,https://www.co.clearwater.mn.us/
co-cochran,https://co.cochran.tx.us/
co-coke,https://co.coke.tx.us/
co-coleman,https://co.coleman.tx.us/
co-colfax-nm,https://co.colfax.nm.us/
co-collin,https://co.collin.tx.us/Pages/default.aspx
co-collingsworth,https://co.collingsworth.tx.us/
co-colorado,https://co.colorado.tx.us/
co-columbia-or,https://co.columbia.or.us/
co-columbia-wi,https://www.co.columbia.wi.us/ColumbiaCounty/
coal,https://co.comal.tx.us/
co-concho,https://co.concho.tx.us/
co-cook-mn,https://www.co.cook.mn.us/
co-cooke,https://co.cooke.tx.us/
co-coos-or,https://www.co.coos.or.us/
co-cottle,https://co.cottle.tx.us/
co-cottonwood-mn,https://www.co.cottonwood.mn.us/
co-cowlitz-wa,https://www.co.cowlitz.wa.us/
co-crane,https://co.crane.tx.us/
co-crockett,https://co.crockett.tx.us/
co-crosby,https://co.crosby.tx.us/
co-culberson,https://co.culberson.tx.us/
co-cullman-al-us,https://co.cullman.al.us/
co-cumberland-nc-us,https://co.cumberland.nc.us/
co-cumberland-nj-us,https://www.co.cumberland.nc.us/
co-currituck-nc-us,https://co.currituck.nc.us/
co-curry-or-us,https://co.curry.or.us/
co-dakota-mn-us,https://www.co.dakota.mn.us/Pages/default.aspx
co-dare-nc-us,https://co.dare.nc.us/
co-darke-oh-us,https://www.co.darke.oh.us/
co-davidson-nc-us,https://www.co.davidson.nc.us/
co-davis-ut-us,https://www.co.davis.ut.us/
co-dawson-tx-us,https://co.dawson.tx.us/
co-dekalb-ga-us,https://co.fulton.ga.us/
co-delaware-ny-us,https://co.delaware.ny.us/
co-delaware-pa-us,https://www.co.delaware.pa.us/
co-delta-tx-us,https://www.deltacountytx.com/
co-denton-tx-us,https://dentoncounty.com/
co-dewitt-tx-us,https://co.dewitt.tx.us/
co-dickens-tx-us,https://co.dickens.tx.us/
co-dodge-mn-us,https://www.co.dodge.mn.us/
co-dodge-wi-us,https://www.co.dodge.wi.us/
co-donley-tx-us,https://co.donley.tx.us/
co-douglas-mn-us,https://www.co.douglas.mn.us/dc/home.aspx
co-douglas-or-us,https://www.co.douglas.or.us/
co-dutchess-ny-us,https://co.dutchess.ny.us/
co-eau-claire-wi-us,https://co.eau-claire.wi.us/
co-ector-tx-us,https://www.co.ector.tx.us/
co-eddy-nm-us,https://www.co.eddy.nm.us/
co-ellis-tx-us,https://co.ellis.tx.us/
co-erath-tx-us,https://co.erath.tx.us/
co-escambia-al-us,https://co.escambia.al.us/
co-essex-ny-us,https://www.co.essex.ny.us/
co-eureka-nv-us,https://co.eureka.nv.us/
co-fairbanks-ak-us,https://co.fairbanks.ak.us/
co-fairfield-oh-us,https://co.fairfield.oh.us/
co-fannin-tx-us,https://co.fannin.tx.us/
co-faribault-mn-us,https://www.co.faribault.mn.us/
co-fayette-pa-us,https://co.fayette.pa.us/Pages/default.aspx
co-fayette-tx-us,https://co.fayette.tx.us/
co-fergus-mt-us,https://co.fergus.mt.us/
co-fillmore-mn-us,https://www.co.fillmore.mn.us/
co-fisher-tx-us,https://co.fisher.tx.us/
co-forsyth-nc-us,https://co.forsyth.nc.us/
co-fort-bend-tx-us,https://co.fort-bend.tx.us/
co-franklin-tx-us,https://co.franklin.tx.us/
co-franklin-wa-us,https://co.franklin.wa.us/
co-frederick-va-us,https://www.co.frederick.va.us/
co-freeborn-mn-us,https://www.co.freeborn.mn.us/
co-freestone-tx-us,https://co.freestone.tx.us/
co-fremont-id-us,https://www.co.fremont.id.us/
co-frio-tx-us,https://co.frio.tx.us/
co-fulton-ga-us,https://co.fulton.ga.us/
co-gaines-tx-us,https://co.gaines.tx.us/
co-garfield-wa-us,https://co.garfield.wa.us/
co-gem-id-us,https://co.gem.id.us/
co-genesee-ny-us,https://co.genesee.ny.us/
co-glasscock-tx-us,https://co.glasscock.tx.us/
co-gloucester-nj-us,https://www.gloucestercountynj.gov/
co-gloucester-va-us,https://co.gloucester.va.us/
co-goliad-tx-us,https://co.goliad.tx.us/
co-gonzales-tx-us,https://www.co.gonzales.tx.us/
co-goochland-va-us,https://www.co.goochland.va.us/
co-goodhue-mn-us,https://www.co.goodhue.mn.us/
co-grand-traverse-mi-us,https://co.grand-traverse.mi.us/
co-grand-co-us,https://co.grand.co.us/
co-granite-mt-us,https://co.granite.mt.us/
co-grant-mn-us,https://www.co.grant.mn.us/
co-grant-wa-us,https://www.co.grant.wa.us/
co-gray-tx-us,https://co.gray.tx.us/
co-grays-harbor-wa-us,https://co.grays-harbor.wa.us/Index.asp
co-grayson-tx-us,https://www.co.grayson.tx.us/
co-green-lake-wi-us,https://co.green-lake.wi.us/
co-greene-nc-us,https://co.greene.nc.us/
co-greene-oh-us,https://co.greene.oh.us/
co-greene-pa-us,https://www.co.greene.pa.us/
co-greenlee-az-us,https://co.greenlee.az.us/
co-gregg-tx-us,https://co.gregg.tx.us/
co-grimes-tx-us,https://co.grimes.tx.us/
co-guadalupe-tx-us,https://www.co.guadalupe.tx.us/
co-guilford-nc-us,https://www.myguilford.com/
co-hancock-me-us,https://co.hancock.me.us/site/
co-hansford-tx-us,https://co.hansford.tx.us/
co-hardin-tx-us,https://co.hardin.tx.us/
co-harney-or-us,https://co.harney.or.us/
co-harris-tx-us,https://www.harriscountytx.gov/
co-hartley-tx-us,https://co.hartley.tx.us/
co-haskell-tx-us,https://co.haskell.tx.us/
co-hays-tx-us,https://www.co.hays.tx.us/
co-henrico-va-us,#N/A
co-henry-oh-us,https://www.co.henry.oh.us/index.php
co-hernando-fl-us,https://co.hernando.fl.us/
co-hidalgo-tx-us,https://co.hidalgo.tx.us/
co-highland-oh-us,https://co.highland.oh.us/
co-hill-tx-us,https://co.hill.tx.us/
co-ho-md-us,https://www.co.ho.md.us/
co-hockley-tx-us,https://co.hockley.tx.us/
co-hood-river-or-us,https://www.co.hood-river.or.us/
co-hood-tx-us,https://co.hood.tx.us/
co-houston-mn-us,https://www.co.houston.mn.us/
co-houston-tx-us,https://co.houston.tx.us/
co-howard-tx-us,https://co.howard.tx.us/
co-hubbard-mn-us,https://www.co.hubbard.mn.us/
co-hudspeth-tx-us,#N/A
co-hunterdon-nj-us,https://co.hunterdon.nj.us/
co-hutchinson-tx-us,https://co.hutchinson.tx.us/
co-imperial-ca-us,https://co.imperial.ca.us/
co-iredell-nc-us,https://www.co.iredell.nc.us/
co-irion-tx-us,https://co.irion.tx.us/
co-iroquois-il-us,https://www.co.iroquois.il.us/
co-isanti-mn-us,https://www.co.isanti.mn.us/isanti
co-isle-of-wight-va-us,https://www.co.isle-of-wight.va.us/
co-itasca-mn-us,https://www.co.itasca.mn.us/Home/Pages/default.aspx
co-jackson-mn-us,https://www.co.jackson.mn.us/
co-jackson-or-us,https://co.jackson.or.us/
co-jackson-tx-us,https://co.jackson.tx.us/
co-jackson-wi-us,https://www.co.jackson.wi.us/
co-jasper-tx-us,https://co.jasper.tx.us/
co-jefferson-id-us,https://www.co.jefferson.id.us/
co-jefferson-ny-us,https://www.co.jefferson.ny.us/
co-jefferson-or-us,https://www.co.jefferson.or.us/
co-jefferson-tx-us,https://co.jefferson.tx.us/
co-jefferson-wa-us,https://www.co.jefferson.wa.us/
co-jim-hogg-tx-us,https://co.jim-hogg.tx.us/
co-jim-wells-tx-us,https://co.jim-wells.tx.us/
co-johnson-in-us,https://co.johnson.in.us/
co-jones-tx-us,https://co.jones.tx.us/
co-josephine-or-us,https://co.josephine.or.us/
co-juab-ut-us,https://www.co.juab.ut.us/
co-juniata-pa-us,https://www.co.juniata.pa.us/
co-kandiyohi-mn-us,https://www.co.kandiyohi.mn.us/
co-karnes-tx-us,https://co.karnes.tx.us/
co-kendall-tx-us,https://co.kendall.tx.us/
co-kenedy-tx-us,https://co.kenedy.tx.us/
co-kenosha-wi-us,https://co.kenosha.wi.us/
co-kerr-tx-us,https://co.kerr.tx.us/
co-kimble-tx-us,https://co.kimble.tx.us/
co-kinney-tx-us,https://co.kinney.tx.us/
co-kittitas-wa-us,https://www.co.kittitas.wa.us/
co-kittson-mn-us,https://co.kittson.mn.us/
co-kleberg-tx-us,https://co.kleberg.tx.us/
co-knox-oh-us,https://www.co.knox.oh.us/
co-koochiching-mn-us,https://www.co.koochiching.mn.us/
co-kootenai-id-us,https://co.kootenai.id.us/
co-la-crosse-wi-us,https://co.la-crosse.wi.us/
co-la-paz-az-us,https://co.la-paz.az.us/
co-la-salle-tx-us,https://co.la-salle.tx.us/
co-lake-of-the-woods-mn-us,https://www.co.lake-of-the-woods.mn.us/
co-lake-mn-us,https://www.co.lake.mn.us/
co-lamar-tx-us,https://co.lamar.tx.us/
co-lamb-tx-us,https://co.lamb.tx.us/
co-lampasas-tx-us,https://co.lampasas.tx.us/
co-lancaster-pa-us,https://co.lancaster.pa.us/
co-langlade-wi-us,https://co.langlade.wi.us/
co-laplata-co-us,https://co.laplata.co.us/
co-laramie-wy-us,https://webgate.co.laramie.wy.us/
co-larimer-co-us,https://co.larimer.co.us/
co-lavaca-tx-us,https://co.lavaca.tx.us/
co-lawrence-pa-us,https://co.lawrence.pa.us/
co-le-sueur-mn-us,https://www.co.le-sueur.mn.us/
co-lee-tx-us,https://co.lee.tx.us/
co-lenoir-nc-us,https://co.lenoir.nc.us/
co-leon-tx-us,https://co.leon.tx.us/
co-liberty-tx-us,https://co.liberty.tx.us/
co-limestone-tx-us,https://co.limestone.tx.us/
co-lincoln-mn-us,https://www.co.lincoln.mn.us/
co-lincoln-or-us,https://co.lincoln.or.us/
co-lincoln-wa-us,https://co.lincoln.wa.us/
co-lincoln-wi-us,https://co.lincoln.wi.us/
co-linn-or-us,https://www.co.linn.or.us/
co-lipscomb-tx-us,https://co.lipscomb.tx.us/
co-live-oak-tx-us,https://co.live-oak.tx.us/
co-llano-tx-us,https://co.llano.tx.us/
co-logan-oh-us,https://co.logan.oh.us/
co-lubbock-tx-us,https://co.lubbock.tx.us/
co-lucas-oh-us,https://www.co.lucas.oh.us/index.aspx?NID=675
co-lynn-tx-us,https://co.lynn.tx.us/
co-madison-id-us,https://co.madison.id.us/
co-madison-tn-us,https://co.madison.tn.us/
co-madison-tx-us,https://co.madison.tx.us/
co-mahnomen-mn-us,https://www.co.mahnomen.mn.us/
co-manitowoc-wi-us,https://co.manitowoc.wi.us/
co-marathon-wi-us,https://co.marathon.wi.us/
co-marion-or-us,https://co.marion.or.us/
co-marion-tx-us,https://co.marion.tx.us/
co-marquette-wi-us,https://www.co.marquette.wi.us/
co-marshall-mn-us,https://www.co.marshall.mn.us/
co-martin-mn-us,https://www.co.martin.mn.us/
co-mason-wa-us,https://www.co.mason.wa.us/
co-matagorda-tx-us,https://co.matagorda.tx.us/
co-maui-hi-us,https://co.maui.hi.us/
co-maverick-tx-us,https://co.maverick.tx.us/
co-mcculloch-tx-us,https://co.mcculloch.tx.us/
co-mckinley-nm-us,https://co.mckinley.nm.us/
co-mclennan-tx-us,https://co.mclennan.tx.us/
co-mcleod-mn-us,https://www.co.mcleod.mn.us/
co-medina-oh-us,https://co.medina.oh.us/
co-meeker-mn-us,https://www.co.meeker.mn.us/
co-middlesex-nj-us,https://www.co.middlesex.nj.us/Pages/Main.aspx
co-middlesex-va-us,https://www.co.middlesex.va.us/
co-midland-tx-us,#N/A
co-mifflin-pa-us,https://www.co.mifflin.pa.us/Pages/default.aspx
co-mille-lacs-mn-us,https://www.co.mille-lacs.mn.us/
co-mills-tx-us,https://co.mills.tx.us/
co-mineral-mt-us,https://co.mineral.mt.us/
co-missoula-mt-us,https://co.missoula.mt.us/
co-modoc-ca-us,https://www.co.modoc.ca.us/
co-monongalia-wv-us,https://co.monongalia.wv.us/index.html
co-monroe-pa-us,https://co.monroe.pa.us/monroe/site/default.asp
co-monroe-wi-us,https://www.co.monroe.wi.us/
co-montague-tx-us,https://co.montague.tx.us/
co-montgomery-ny-us,https://www.co.montgomery.ny.us/
co-montgomery-oh-us,https://www.co.montgomery.oh.us/
co-montgomery-tx-us,https://co.montgomery.tx.us/
co-moore-nc-us,#N/A
co-moore-tx-us,https://co.moore.tx.us/
co-morgan-al-us,https://co.morgan.al.us/
co-morris-nj-us,https://www.co.morris.nj.us/
co-morris-tx-us,https://co.morris.tx.us/
co-morrison-mn-us,https://www.co.morrison.mn.us/
co-morton-nd-us,https://www.co.morton.nd.us/
co-motley-tx-us,#N/A
co-mower-mn-us,https://www.co.mower.mn.us/
co-nacogdoches-tx-us,https://co.nacogdoches.tx.us/
co-nash-nc-us,https://co.nash.nc.us/
co-navarro-tx-us,https://co.navarro.tx.us/
co-new-kent-va-us,https://co.new-kent.va.us/
co-newton-tx-us,https://co.newton.tx.us/
co-nicollet-mn-us,https://www.co.nicollet.mn.us/
co-nobles-mn-us,https://www.co.nobles.mn.us/
co-nolan-tx-us,https://co.nolan.tx.us/
co-norman-mn-us,https://www.co.norman.mn.us/
co-north-slope-ak-us,https://co.north-slope.ak.us/
co-northampton-va-us,https://co.northampton.va.us/
co-northumberland-va-us,https://co.northumberland.va.us/
co-nueces-tx-us,https://co.nueces.tx.us/
co-ochiltree-tx-us,https://co.ochiltree.tx.us/
co-oconto-wi-us,https://co.oconto.wi.us/
co-okaloosa-fl-us,https://co.okaloosa.fl.us/
co-oldham-tx-us,https://co.oldham.tx.us/
co-olmsted-mn-us,https://www.co.olmsted.mn.us/Pages/default.aspx
co-ontario-ny-us,https://co.ontario.ny.us/
co-orange-nc-us,https://co.orange.nc.us/
co-orange-ny-us,https://www.co.orange.ny.us/
co-orange-tx-us,https://www.co.orange.tx.us/
co-oswego-ny-us,https://co.oswego.ny.us/
co-otero-nm-us,https://ocwebserver7.co.otero.nm.us/Main_Page.php
co-otter-tail-mn-us,https://www.co.otter-tail.mn.us/
co-ottertail-mn-us,https://www.co.ottertail.mn.us/
co-ozaukee-wi-us,https://co.ozaukee.wi.us/
co-pacific-wa-us,https://co.pacific.wa.us/
co-palm-beach-fl-us,https://co.palm-beach.fl.us/
co-palo-pinto-tx-us,https://co.palo-pinto.tx.us/
co-pamlico-nc-us,https://co.pamlico.nc.us/
co-panola-tx-us,https://co.panola.tx.us/
co-parker-tx-us,https://www.parkercountytx.com/
co-parmer-tx-us,https://co.parmer.tx.us/
co-pasquotank-nc-us,https://www.co.pasquotank.nc.us/
co-patrick-va-us,https://co.patrick.va.us/
co-pecos-tx-us,https://co.pecos.tx.us/
co-pennington-mn-us,https://co.pennington.mn.us/
co-pepin-wi-us,https://co.pepin.wi.us/
co-perquimans-nc-us,https://www.perquimanscountync.gov/
co-pierce-wa-us,https://co.pierce.wa.us/
co-pierce-wi-us,https://www.co.pierce.wi.us/
co-pine-mn-us,https://www.co.pine.mn.us/
co-platte-mo-us,https://co.platte.mo.us/
co-polk-mn-us,https://www.co.polk.mn.us/
co-polk-or-us,https://www.co.polk.or.us/
co-polk-tx-us,https://co.polk.tx.us/
co-polk-wi-us,https://www.co.polk.wi.us/
co-pope-mn-us,https://www.co.pope.mn.us/
co-portage-wi-us,https://co.portage.wi.us/
co-potter-tx-us,https://co.potter.tx.us/
co-price-wi-us,https://co.price.wi.us/
co-prince-edward-va-us,https://co.prince-edward.va.us/
co-pulaski-ar-us,https://co.pulaski.ar.us/
co-rains-tx-us,https://co.rains.tx.us/
co-ramsey-mn-us,https://www.co.ramsey.mn.us/home/index.htm
co-ramsey-nd-us,https://www.co.ramsey.nd.us/
co-randolph-nc-us,https://co.randolph.nc.us/
co-real-tx-us,https://co.real.tx.us/
co-red-lake-mn-us,https://www.co.red-lake.mn.us/
co-red-river-tx-us,https://co.red-river.tx.us/
co-redwood-mn-us,https://www.co.redwood.mn.us/
co-refugio-tx-us,https://co.refugio.tx.us/
co-renville-mn-us,https://www.co.renville.mn.us/
co-rice-mn-us,https://www.co.rice.mn.us/
co-richland-wi-us,https://co.richland.wi.us/
co-richmond-va-us,https://co.richmond.va.us/
co-roberts-tx-us,#N/A
co-robeson-nc-us,https://co.robeson.nc.us/
co-rock-mn-us,https://www.co.rock.mn.us/
co-rock-wi-us,https://www.co.rock.wi.us/
co-rockbridge-va-us,https://co.rockbridge.va.us/
co-rockingham-nc-us,https://co.rockingham.nc.us/
co-roseau-mn-us,https://www.co.roseau.mn.us/
co-routt-co-us,https://www.co.routt.co.us/
co-runnels-tx-us,https://co.runnels.tx.us/
co-rusk-tx-us,https://co.rusk.tx.us/
co-sabine-tx-us,https://co.sabine.tx.us/
co-saint-croix-wi-us,https://www.co.saint-croix.wi.us/
co-saint-marys-md-us,https://www.co.saint-marys.md.us/
co-san-jacinto-tx-us,https://co.san-jacinto.tx.us/
co-san-joaquin-ca-us,https://co.san-joaquin.ca.us/
co-san-juan-wa-us,https://co.san-juan.wa.us/
co-san-patricio-tx-us,https://co.san-patricio.tx.us/
co-san-saba-tx-us,https://co.san-saba.tx.us/
co-sangamon-il-us,https://co.sangamon.il.us/
co-santa-cruz-az-us,https://co.santa-cruz.az.us/
co-sauk-wi-us,https://www.co.sauk.wi.us/
co-schuylkill-pa-us,https://co.schuylkill.pa.us/
co-scott-mn-us,https://www.co.scott.mn.us/Pages/home.aspx
co-seneca-ny-us,https://www.co.seneca.ny.us/
co-shawano-wi-us,https://www.co.shawano.wi.us/
co-shelby-oh-us,https://co.shelby.oh.us/
co-shelby-tx-us,https://co.shelby.tx.us/
co-sherburne-mn-us,https://www.co.sherburne.mn.us/
co-sheridan-mt-us,https://www.co.sheridan.mt.us/
co-sherman-tx-us,https://co.sherman.tx.us/
co-sibley-mn-us,https://www.co.sibley.mn.us/
co-snohomish-wa-us,https://www1.co.snohomish.wa.us/
co-somerset-nj-us,https://co.somerset.nj.us/
co-somervell-tx-us,https://co.somervell.tx.us/
co-st-johns-fl-us,https://co.st-johns.fl.us/
co-st-lawrence-ny-us,https://www.co.st-lawrence.ny.us/
co-stafford-va-us,https://co.stafford.va.us/
co-stanly-nc-us,https://www.stanlycountync.gov/
co-starr-tx-us,https://co.starr.tx.us/
co-stearns-mn-us,https://www.co.stearns.mn.us/
co-steele-mn-us,https://www.co.steele.mn.us/
co-steele-nd-us,https://www.co.steele.nd.us/
co-stephens-tx-us,https://co.stephens.tx.us/
co-sterling-tx-us,https://co.sterling.tx.us/
co-stevens-mn-us,https://www.co.stevens.mn.us/
co-stevens-wa-us,https://www.co.stevens.wa.us/
co-stokes-nc-us,https://www.co.stokes.nc.us/
co-stutsman-nd-us,https://www.co.stutsman.nd.us/
co-suffolk-ny-us,https://www.suffolkcountyny.gov/
co-sullivan-ny-us,https://co.sullivan.ny.us/
co-summit-co-us,https://co.summit.co.us/
co-summit-ut-us,https://co.summit.ut.us/
co-surry-nc-us,https://co.surry.nc.us/
co-sweetgrass-mt-us,https://sweetgrasscountygov.com/
co-taylor-wi-us,https://www.co.taylor.wi.us/
co-terrell-tx-us,https://co.terrell.tx.us/
co-thurston-wa-us,https://www.co.thurston.wa.us/home/index.asp
co-tillamook-or-us,https://www.co.tillamook.or.us/
co-titus-tx-us,https://co.titus.tx.us/
co-todd-mn-us,https://www.co.todd.mn.us/
co-tom-green-tx-us,https://co.tom-green.tx.us/
co-tooele-ut-us,https://co.tooele.ut.us/
co-traill-nd-us,https://www.co.traill.nd.us/
co-traverse-mn-us,https://www.co.traverse.mn.us/
co-travis-tx-us,https://www.co.travis.tx.us/
co-trinity-tx-us,https://co.trinity.tx.us/
co-trumbull-oh-us,https://www.co.trumbull.oh.us/
co-tuscarawas-oh-us,https://co.tuscarawas.oh.us/
co-tyler-tx-us,https://co.tyler.tx.us/
co-uintah-ut-us,https://co.uintah.ut.us/
co-ulster-ny-us,https://ulstercountyny.gov/
co-umatilla-or-us,https://co.umatilla.or.us/
co-union-nc-us,https://www.co.union.nc.us/
co-upton-tx-us,https://co.upton.tx.us/
co-utah-ut-us,https://www.co.utah.ut.us/
co-venango-pa-us,https://co.venango.pa.us/
co-vilas-wi-us,https://co.vilas.wi.us/
co-wabasha-mn-us,https://www.co.wabasha.mn.us/
co-wadena-mn-us,https://www.co.wadena.mn.us/
co-wahkiakum-wa-us,https://www.co.wahkiakum.wa.us/
co-walker-tx-us,https://www.co.walker.tx.us/
co-walla-walla-wa-us,https://www.co.walla-walla.wa.us/index.shtml
co-waller-tx-us,https://co.waller.tx.us/
co-wallowa-or-us,https://co.wallowa.or.us/
co-walsh-nd-us,https://www.co.walsh.nd.us/
co-walton-fl-us,https://co.walton.fl.us/
co-walworth-wi-us,https://www.co.walworth.wi.us/
co-ward-tx-us,https://co.ward.tx.us/
co-warren-nj-us,https://co.warren.nj.us/
co-warren-oh-us,https://www.co.warren.oh.us/
co-wasatch-ut-us,https://www.co.wasatch.ut.us/
co-wasco-or-us,https://co.wasco.or.us/
co-waseca-mn-us,https://www.co.waseca.mn.us/
co-washburn-wi-us,https://www.co.washburn.wi.us/
co-washington-ar-us,https://www.co.washington.ar.us/
co-washington-mn-us,https://www.co.washington.mn.us/
co-washington-ny-us,https://www.co.washington.ny.us/
co-washington-or-us,https://www.co.washington.or.us/
co-washington-pa-us,https://co.washington.pa.us/
co-washington-tx-us,https://co.washington.tx.us/
co-washington-wi-us,https://www.co.washington.wi.us/
co-watonwan-mn-us,https://www.co.watonwan.mn.us/
co-waupaca-wi-us,https://www.co.waupaca.wi.us/
co-waushara-wi-us,https://www.co.waushara.wi.us/
co-wayne-ny-us,https://co.wayne.ny.us/
co-weber-ut-us,https://www.co.weber.ut.us/
co-westmoreland-pa-us,https://co.westmoreland.pa.us/
co-wharton-tx-us,https://co.wharton.tx.us/
co-whatcom-wa-us,https://co.whatcom.wa.us/
co-wichita-tx-us,https://www.co.wichita.tx.us/
co-wilbarger-tx-us,https://co.wilbarger.tx.us/
co-wilkin-mn-us,https://www.co.wilkin.mn.us/
co-williams-oh-us,https://co.williams.oh.us/
co-winkler-tx-us,https://co.winkler.tx.us/
co-winnebago-wi-us,https://www.co.winnebago.wi.us/
co-winona-mn-us,https://www.co.winona.mn.us/
co-wise-tx-us,https://co.wise.tx.us/
co-wood-tx-us,https://www.mywoodcounty.com/
co-wood-wi-us,https://co.wood.wi.us/
co-worcester-md-us,https://www.co.worcester.md.us/
co-wright-mn-us,https://www.co.wright.mn.us/
co-yamhill-or-us,https://www.co.yamhill.or.us/
co-yoakum-tx-us,https://co.yoakum.tx.us/
co-young-tx-us,https://co.young.tx.us/
co-yuma-az-us,https://co.yuma.az.us/
co-zapata-tx-us,https://co.zapata.tx.us/
co-zavala-tx-us,https://co.zavala.tx.us/
coahomacounty-net,https://coahomacounty.net/
cobbcounty-org,https://cobbcounty.org/
codington-org,https://codington.org/
coffeecounty-us,https://coffeecounty.us/
coffeecountytn-org,https://coffeecountytn.org/
coffeycountyks-org,https://coffeycountyks.org/
coj-net,https://www.coj.net/
colbertcounty-org,https://colbertcounty.org/
colecounty-org,https://colecounty.org/
colletoncounty-org,https://colletoncounty.org/
colliergov-net,https://www.colliergov.net/
columbiaco-com,https://columbiaco.com/
columbiacountyfla-com,https://columbiacountyfla.com/default.asp
columbiacountyny-com,https://www.columbiacountyny.com/
columbianacounty-org,https://columbianacounty.org/
columbiapa-org,https://www.columbiapa.org/
columbusco-org,https://columbusco.org/
comanchecounty-us,https://comanchecounty.us/
connectseward-org/cgov,https://www2.connectseward.org/cgov/
conversecounty-org,https://conversecounty.org/
cookcountyclerkofcourt-org,https://www.cookcountyclerkofcourt.org/
cortland-co-org,https://www.cortland-co.org/
coryellcounty-org,https://www.coryellcounty.org/
cosb-us,https://www.cosb.us/
coshoctoncounty-net,https://www.coshoctoncounty.net/
county-allegheny-pa-us,https://county.allegheny.pa.us/
countycourthouse-org,https://countycourthouse.org/
countynewscenter-com,https://www.countynewscenter.com/
countyofamherst-com,https://countyofamherst.com/
countyofcolusa-org,#N/A
countyofdane-com,https://www.countyofdane.com/
countyofindiana-org,https://www.countyofindiana.org/
countyofnewaygo-com,https://countyofnewaygo.com/
countyofsb-org,https://www.countyofsb.org/
countyofunion-org,https://www.countyofunion.org/default.asp?sec_id=180003405
countyofupshur-com,https://countyofupshur.com/
courtclerk-org,https://courtclerk.org/
courthouse-kay-ok-us,https://courthouse.kay.ok.us/
covcounty-com,https://www.covcounty.com/
cowleycounty-org,https://www.cowleycounty.org/
cppj-net,https://cppj.net/
craigheadcounty-org,https://www.craigheadcounty.org/
cravencounty-com,https://www.cravencounty.com/
crawford-county-org,https://crawford-county.org/
crawfordco-org,https://crawfordco.org/
crawfordcounty-org,https://crawfordcounty.org/
crawfordcountykansas-org,https://www.crawfordcountykansas.org/
crawfordcountywi-org,https://crawfordcountywi.org/
creekcountyonline-com,https://creekcountyonline.com/
crowwing-us,https://www.crowwing.us/
cumberlandcounty-org,https://cumberlandcounty.org/
currycounty-org,https://www.currycounty.org/
custer-okcounties-org,https://custer.okcounties.org/
cuyahogacounty-us,https://cuyahogacounty.us/
daggettcounty-org,https://daggettcounty.org/
dalecountyal-org,https://dalecountyal.org/
darcosc-com,https://darcosc.com/
davisoncounty-org,https://www.davisoncounty.org/
dawsoncone-com,#N/A
dawsoncounty-org,https://dawsoncounty.org/
dawsoncountymontana-com,https://dawsoncountymontana.com/
dawsoncountyne-org,#N/A
dearborncounty-org,https://dearborncounty.org/
decaturcountytn-org,https://decaturcountytn.org/
defiance-county-com,https://defiance-county.com/
dekalbcounty-org,https://www.dekalbcounty.org/
dekalbcountyal-us,https://www.dekalbcountyal.us/joomla1/
dekalbda-org,https://dekalbda.org/
delawareclerk-org,https://delaware.okcounties.org/officials/officialpage.aspx?officerid=8
deltacounty-com,https://deltacounty.com/
deltacountymi-org,https://deltacountymi.org/
deschutes-org,https://www.deschutes.org/
dewittcountyill-com,https://dewittcountyill.com/
dickensonva-org,https://dickensonva.org/
dinwiddieva-us,https://dinwiddieva.us/
dkcoks-org,https://dkcoks.org/
dmcounty-com,https://dmcounty.com/
docogonet-com,https://docogonet.com/
donaanacounty-org,https://donaanacounty.org/
dorchestercounty-net,https://www.dorchestercounty.net/
douglas-county-com,https://www.douglas-county.com/
douglascountywa-net,https://www.douglascountywa.net/
douglascountywi-org,https://douglascountywi.org/
dubuquecounty-org,https://dubuquecounty.org/
dukescounty-org,https://dukescounty.org/Pages/index
dunncountywi-govoffice2-com,https://www.dunncountywi.govoffice2.com/
dupageco-org,https://dupageco.org/
duplincountync-com,https://duplincountync.com/
eatoncounty-org,https://eatoncounty.org/
edcgov-us,https://www.edcgov.us/
elkcountyks-org,https://elkcountyks.org/
ellisco-net,https://ellisco.net/
ellsworthcounty-org,https://ellsworthcounty.org/
elmoreco-org,https://www.elmoreco.org/
elmorecounty-org,https://elmorecounty.org/
emerycounty-com,https://emerycounty.com/
emmonscounty-tripod-com,https://emmonscounty.tripod.com/
erie-county-ohio-net,https://erie-county-ohio.net/
eriecountygov-org,https://www.eriecountygov.org/
essex-countynj-org,https://essexcountynj.org/
etowahcounty-org,https://etowahcounty.org/
ewashtenaw-org,https://ewashtenaw.org/
extension-ifas-ufl-edu,https://extension.ifas.ufl.edu/
falloncounty-net,https://falloncounty.net/
fayette-co-oh-com,https://fayette-co-oh.com/
fayettetn-us,https://fayettetn.us/
fcva-us,https://fcva.us/
ferry-county-com,https://ferry-county.com/
fillmorecounty-org,https://fillmorecounty.org/
finneycounty-org,https://finneycounty.org/
florenceco-org,https://florenceco.org/
florencecountywi-com,https://www.florencecountywi.com/
floydcoia-org,https://floydcoia.org/
floydcova-org,https://floydcova.org/
fluvannacounty-org,#N/A
fordcounty-net,https://www.fordcounty.net/
fostercounty-com,https://www.fostercounty.com/
franklincoks-org,https://franklincoks.org/
franklincony-org,https://franklincony.org/content
franklincotn-us,https://franklincotn.us/
franklincountyflorida-com,https://franklincountyflorida.com/
franklincountyga-com,https://franklincountyga.gov/
franklincountync-us,https://www.franklincountync.us/
franklincountyva-org,https://www.franklincountyva.org/
franklinmo-org,https://franklinmo.org/
fremontco-com,https://fremontco.com/
fremontcountywy-org,https://fremontcountywy.org/
fultoncountyoh-com,https://fultoncountyoh.com/
gadsdengov-net,https://gadsdengov.net/
gallianet-net,https://gallianet.net/index.php
garfield-county-com,https://garfield-county.com/
garlandcounty-org,https://garlandcounty.org/
garrettcounty-org,https://www.garrettcounty.org/
gastongov-com,https://gastongov.com/
gatescounty-govoffice2-com,https://www.gatescounty.govoffice2.com/
gcva-us,https://gcva.us/
gilchrist-fl-us,https://gilchrist.fl.us/
gilescounty-tn-us,https://gilescounty-tn.us/
gilescounty-org,https://gilescounty.org/
gladwinco-com,https://www.gladwinco.com/
gloucesterva-info,https://gloucesterva.info/
glynncounty-org,https://glynncounty.org/
gobroomecounty-com,#N/A
gocarrollcounty-com,https://www.gocarrollcounty.com/
gogebic-org,https://gogebic.org/
goodingcounty-org,https://goodingcounty.org/
gordoncounty-org,https://www.gordoncounty.org/
gov-allconet-org,https://gov.allconet.org/
gradycountyok-com,https://gradycountyok.com/
grandcountyutah-net,https://grandcountyutah.net/
grantcoks-org,https://grantcoks.org/
grantcounty-net,https://grantcounty.net/
grantcounty-org,https://www.grantcounty.org/
grantcountynd-com,https://www.grantcountynd.com/
grantcountynm-com,https://grantcountynm.com/
granvillenc-govoffice2-com,https://www.granvillenc.govoffice2.com/
greeleycounty-org,https://www.greeleycounty.org/
greenegovernment-com,https://greenegovernment.com/
greenvillecounty-org,https://greenvillecounty.org/
greenwoodcounty-org,https://www.greenwoodcounty.org/
greer-okcounties-org,https://greer.okcounties.org/
grundyco-org,https://www.grundyco.org/
grundycounty-org,https://grundycounty.org/
gunnisoncounty-org,https://gunnisoncounty.org/
gwinnettcounty-com,https://www.gwinnettcounty.com/portal/gwinnett/Home
hallcounty-org,https://hallcounty.org/
hamilton-co-org,https://hamilton-co.org/hc/default.asp
hamiltoncounty-com,https://www.hamiltoncounty.com/
hamiltoncounty-org,https://hamiltoncounty.org/
hamiltoncountyflorida-com,https://hamiltoncountyflorida.com/
hamiltoncountytx-org,#N/A
hamptoncountysc-org,https://hamptoncountysc.org/
hancockcountyia-org,https://hancockcountyia.org/
hardeecounty-net,https://hardeecounty.net/
harrisoncountyia-org,https://www.harrisoncountyia.org/
harrisoncountytexas-org,https://harrisoncountytexas.org/
harrisoncountywv-com,https://www.harrisoncountywv.com/
harveycounty-com,https://harveycounty.com/
haskellcounty-org,https://haskellcounty.org/
hcbcc-net,https://hcbcc.net/
hccommissioners-com,https://hccommissioners.com/
hcky-org,https://hcky.org/
hctx-net,#N/A
henderson-county-com,https://www.henderson-county.com/
hendersoncountync-org,https://hendersoncountync.org/
hendersoncountytn-com,https://www.hendersoncountytn.gov/
hendersonky-us,https://hendersonky.us/
hennepin-us,https://www.hennepin.us/
henrico-us,#N/A
henryco-com,https://henryco.com/
henryco-net,https://henryco.net/
henrycohd-org,https://www.henrycohd.org/
henrycountyal-com,https://henrycountyal.com/
henrycountyengineer-com,https://www.henrycountyengineer.com/
henrycountyfamilycourt-com,https://www.henrycountyfamilycourt.com/
henrycountygov-com,https://henrycountygov.com/
henrycountyohio-com,https://henrycountyohio.com/
henrycountyplanning-com,https://www.henrycountyplanning.com/
henrycty-com,https://www.henrycty.com/
herkimercounty-org,https://herkimercounty.org/content
hillcounty-us,https://hillcounty.us/
hillsboroughcounty-org,https://hillsboroughcounty.org/
hillsboroughcountynh-org,https://www.hillsboroughcountynh.org/
hillsclerk-com,https://hillsclerk.com/publicweb/home.aspx
hindscountyms-com,https://www.hindscountyms.com/
hinsdalecountycolorado-us,https://hinsdalecountycolorado.us/
hokecounty-net,https://hokecounty.net/
horrycounty-org,https://horrycounty.org/
houghtoncounty-net,https://houghtoncounty.net/
houstoncounty-org,https://houstoncounty.org/
houstoncountyga-com,https://houstoncountyga.com/
hscounty-com,https://hscounty.com/
hudsoncountynj-org,https://www.hudsoncountynj.org/
huntingdoncounty-net,https://huntingdoncounty.net/Pages/HuntingdonCountyHome.aspx
iberiaparishgovernment-com,https://iberiaparishgovernment.com/
idahocounty-org,https://idahocounty.org/
ifas-ufl-edu,https://ifas.ufl.edu/
indianacounty-org,https://www.indianacounty.org/
ingham-org,https://ingham.org/
inyocounty-us,https://www.inyocounty.us/
iosco-m33access-com,https://iosco.m33access.com/
iowacounty-org,https://iowacounty.org/
ircgov-com,https://www.ircgov.com/
ironcounty-net,https://ironcounty.net/
isabellacounty-org,https://isabellacounty.org/
islandcounty-net,https://islandcounty.net/
jackson-okcounties-org,https://jackson.okcounties.org/
jacksonco-com,https://www.jacksoncotn.com/
jacksoncountyal-com,https://jacksoncountyal.com/
jacksoncountyfl-com,https://www.jacksoncountyfl.net/
jacksoncountygov-com,https://jacksoncountygov.com/
jacksonnc-org,https://www.jacksonnc.org/
jaspercountysc-org,https://jaspercountysc.org/
jccal-org,https://jccal.org/
jeffco-us,https://jeffco.us/
jeffersoncountyiowa-com,https://www.jeffersoncountyiowa.com/
jeffersoncountyoh-com,https://www.jeffersoncountyoh.com/
jeffersoncountywv-org,https://jeffersoncountywv.org/
jeffersontownky-com,https://jeffersontownky.com/
jeffparish-net,https://jeffparish.net/
jeromecountyid-us,https://www.jeromecountyid.us/
jessamineco-com,https://jessamineco.com/
jfcountyks-com,https://jfcountyks.com/
jocogov-org,https://www.jocogov.org/
jodaviess-org,https://www.jodaviess.org/
johnson-county-com,https://www.johnson-county.com/
johnsoncountywyoming-org,https://johnsoncountywyoming.org/
johnstonnc-com,https://johnstonnc.com/
jonescountyga-org,https://www.jonescountyga.org/
kalcounty-com,https://www.kalcounty.com/
kanabeccounty-org,https://www.kanabeccounty.org/
kanawha-us,https://kanawha.us/
kansastreasurers-org,https://www.kansastreasurers.org/
kcgov-com,https://kcgov.com/
kennebeccounty-org,https://kennebeccounty.org/
kentcounty-com,https://www.kentcounty.com/
kentoncounty-org,https://kentoncounty.org/
kentonpva-com,https://kentonpva.com/
keokukcountyia-com,https://keokukcountyia.com/
kewauneeco-org,https://www.kewauneeco.org/
king-george-va-us,https://king-george.va.us/
kingandqueenco-net,https://kingandqueenco.net/
kingcountycfc-org,https://www.kingcountycfc.org/_root/
kingwilliamcounty-us,https://kingwilliamcounty.us/
kitcarsoncounty-org,https://kitcarsoncounty.org/
kitsapgov-com,https://kitsapgov.com/
klamathcounty-org,https://klamathcounty.org/
klickitatcounty-org,https://klickitatcounty.org/
knoxcounty-org,https://knoxcounty.org/
ks-brown-manatron-com,https://ks-brown.manatron.com/
ks-geary-manatron-com,https://ks-geary.manatron.com/
ks-jackson-manatron-com,https://ks-jackson.manatron.com/
ks-nemaha-manatron-com,https://ks-nemaha.manatron.com/
ks-russellco-manatron-com,https://ks-russellco.manatron.com/
ks-sherman-manatron-com,https://ks-sherman.manatron.com/
labettecounty-com,https://labettecounty.com/
lackawannacounty-org,https://www.lackawannacounty.org/
lacrossecounty-org,https://lacrossecounty.org/
lagrangecounty-org,https://lagrangecounty.org/
lakecountyin-org,https://www.lakecountyin.org/
lakecountyohio-org,https://lakecountyohio.org/
lakecountyor-org,https://lakecountyor.org/
lamarcounty-com,https://lamarcounty.com/11/index.php
lamourecountynd-com,https://lamourecountynd.com/
lancova-com,https://lancova.com/
lanecounty-org,https://www.lanecounty.org/Pages/Default.aspx
lapeercountyweb-org,https://lapeercountyweb.org/
